Victim,City,State,Date,Approximate,Age,lat,lng,year
Kyle Bassinga,Marietta,Georgia,"Feb 18, 2026",No,21,33.952845,-84.549605,2026
Juliana Umba Nzita,Charlotte,North Carolina,"Apr 1, 2026",Yes,16,35.227209,-80.843083,2026
To'Nea Nicole Miller,Miami,Florida,"Jun 18, 2026",No,27,25.774157,-80.193597,2026
Jerard Jackson,Rothbury,Michigan,Unknown,Yes,28,43.507232,-86.347572,2026
Tasia Fortune,Jackson,Mississippi,"Aug 3, 2026",No,29,32.299869,-90.183041,2026
Demetrius Eugene Fleming,Roanoke Rapids,North Carolina,"Aug 21, 2026",No,38,36.455802,-77.657351,2026
Nolan Xavier Wells,,Mississippi,,Yes,,30.236974,-88.68043,2026
unidentified Black man,Upper Marlboro,Maryland,"Sep 20, 2026",No,,38.816245,-76.751708,2026
Demartravion Trey Reed,Delta State University,Mississippi,"Sep 1, 2025",Yes,21,33.747589,-90.732912,2025
unidentified Black man,Raleigh,North Carolina,,Yes,32,35.780398,-78.639099,2026
Justice Kai James,Albany,Georgia,"Jun 21, 2026",No,21,31.578206,-84.155681,2026
Torrance Tory Medley,Milwaukee,Wisconsin,November 2025,Yes,39,43.038648,-87.909075,2025
Dennoriss Richardson,Colbert County,Alabama,September 2024,Yes,39/28,34.64734,-87.792177,2024
Javion Magee,Henderson,North Carolina,September 2024,Yes,18,36.32959,-78.399164,2024
Earl Smith,Albany,New York,,Yes,58,42.651167,-73.754968,2025
