,publishedAt,channelId,title,description,thumbnails,channelTitle,liveBroadcastContent,publishTime,videoID,embeds,category
1,2026-05-29T05:33:22Z,UCiinSjWS3E0vtAa3DCvp7iA,LIVE: Iran Deal? | Israel’s Escalation in Lebanon | Will Trump Invade Cuba?,"LIVE Thursday, May 28 | 12 PM ET / 9 AM PT Join Rania Khalek and Zoe Alexandra LIVE with special guests: Omar Baddar, ...","{'default': {'url': 'https://i.ytimg.com/vi/vCOKtWL-0WU/default.jpg', 'width': 120, 'height': 90}, 'medium': {'url': 'https://i.ytimg.com/vi/vCOKtWL-0WU/mqdefault.jpg', 'width': 320, 'height': 180}, 'high': {'url': 'https://i.ytimg.com/vi/vCOKtWL-0WU/hqdefault.jpg', 'width': 480, 'height': 360}}",BreakThrough News,none,2026-05-29T05:33:22Z,vCOKtWL-0WU,"<iframe width=""480"" height=""270"" src=""//www.youtube.com/embed/vCOKtWL-0WU"" frameborder=""0"" allow=""accelerometer; autoplay; clipboard-write; encrypted-media; gyroscope; picture-in-picture; web-share"" referrerpolicy=""strict-origin-when-cross-origin"" allowfullscreen></iframe>",Current Events
46,2026-05-29T05:28:26Z,UCXyHjFIKz9D8ofxObOuYBbg,Rebuilding Africa in our Image,ft. @seriousbutnot2serious458.,"{'default': {'url': 'https://i.ytimg.com/vi/keebo-_n5dE/default_live.jpg', 'width': 120, 'height': 90}, 'medium': {'url': 'https://i.ytimg.com/vi/keebo-_n5dE/mqdefault_live.jpg', 'width': 320, 'height': 180}, 'high': {'url': 'https://i.ytimg.com/vi/keebo-_n5dE/hqdefault_live.jpg', 'width': 480, 'height': 360}}",WeNeedToTalk,upcoming,2026-05-29T05:28:26Z,keebo-_n5dE,"<iframe width=""480"" height=""270"" src=""//www.youtube.com/embed/keebo-_n5dE"" frameborder=""0"" allow=""accelerometer; autoplay; clipboard-write; encrypted-media; gyroscope; picture-in-picture; web-share"" referrerpolicy=""strict-origin-when-cross-origin"" allowfullscreen></iframe>",Social Issues
63,2026-05-29T05:04:18Z,UCHzCimqhvPhCH75h80pXM1Q,UAE Leaves OPEC: Impact on Oil Prices &amp; Market Analysis,"The United Arab Emirates is exiting OPEC, a major oil-producing cartel. This move suggests a strategy to increase oil production ...","{'default': {'url': 'https://i.ytimg.com/vi/pOCaES1Wk6U/default.jpg', 'width': 120, 'height': 90}, 'medium': {'url': 'https://i.ytimg.com/vi/pOCaES1Wk6U/mqdefault.jpg', 'width': 320, 'height': 180}, 'high': {'url': 'https://i.ytimg.com/vi/pOCaES1Wk6U/hqdefault.jpg', 'width': 480, 'height': 360}}",The Black Business School  ,none,2026-05-29T05:04:18Z,pOCaES1Wk6U,"<iframe width=""480"" height=""270"" src=""//www.youtube.com/embed/pOCaES1Wk6U"" frameborder=""0"" allow=""accelerometer; autoplay; clipboard-write; encrypted-media; gyroscope; picture-in-picture; web-share"" referrerpolicy=""strict-origin-when-cross-origin"" allowfullscreen></iframe>",Productivity
5,2026-05-29T04:57:34Z,UCKLSjhp6XZUEYDT1DMcrj8w,Africa Has 30% of the World&#39;s Resources — So Why Do Africans Own None of It?,Africa holds 30% of the world's mineral resources. 60% of the world's uncultivated arable land. The largest youth population on ...,"{'default': {'url': 'https://i.ytimg.com/vi/Wj1sENd9qAg/default.jpg', 'width': 120, 'height': 90}, 'medium': {'url': 'https://i.ytimg.com/vi/Wj1sENd9qAg/mqdefault.jpg', 'width': 320, 'height': 180}, 'high': {'url': 'https://i.ytimg.com/vi/Wj1sENd9qAg/hqdefault.jpg', 'width': 480, 'height': 360}}",Make Afrika Great ,none,2026-05-29T04:57:34Z,Wj1sENd9qAg,"<iframe width=""480"" height=""270"" src=""//www.youtube.com/embed/Wj1sENd9qAg"" frameborder=""0"" allow=""accelerometer; autoplay; clipboard-write; encrypted-media; gyroscope; picture-in-picture; web-share"" referrerpolicy=""strict-origin-when-cross-origin"" allowfullscreen></iframe>",Current Events
45,2026-05-29T04:27:06Z,UCHVBLMcvOgDtFEF2bToQLqw,Zionist threaten Candace Owens children,Zionist threaten Candace Owens children #candaceowens #candaceowenspodcast #turningpointusa #benshapiro.,"{'default': {'url': 'https://i.ytimg.com/vi/8rCkK_PhNHw/default.jpg', 'width': 120, 'height': 90}, 'medium': {'url': 'https://i.ytimg.com/vi/8rCkK_PhNHw/mqdefault.jpg', 'width': 320, 'height': 180}, 'high': {'url': 'https://i.ytimg.com/vi/8rCkK_PhNHw/hqdefault.jpg', 'width': 480, 'height': 360}}",We Woke Now,none,2026-05-29T04:27:06Z,8rCkK_PhNHw,"<iframe width=""480"" height=""270"" src=""//www.youtube.com/embed/8rCkK_PhNHw"" frameborder=""0"" allow=""accelerometer; autoplay; clipboard-write; encrypted-media; gyroscope; picture-in-picture; web-share"" referrerpolicy=""strict-origin-when-cross-origin"" allowfullscreen></iframe>",Social Issues
2,2026-05-29T03:34:32Z,UCL0u5uz7KZ9q-pe-VC8TY-w,&quot;Pro-Life Zionist&quot; Is An Oxymoron.,,"{'default': {'url': 'https://i.ytimg.com/vi/QuPyVRCNHeo/default.jpg', 'width': 120, 'height': 90}, 'medium': {'url': 'https://i.ytimg.com/vi/QuPyVRCNHeo/mqdefault.jpg', 'width': 320, 'height': 180}, 'high': {'url': 'https://i.ytimg.com/vi/QuPyVRCNHeo/hqdefault.jpg', 'width': 480, 'height': 360}}",Candace Owens,none,2026-05-29T03:34:32Z,QuPyVRCNHeo,"<iframe width=""480"" height=""270"" src=""//www.youtube.com/embed/QuPyVRCNHeo"" frameborder=""0"" allow=""accelerometer; autoplay; clipboard-write; encrypted-media; gyroscope; picture-in-picture; web-share"" referrerpolicy=""strict-origin-when-cross-origin"" allowfullscreen></iframe>",Current Events
66,2026-05-29T03:30:38Z,UCAvjYgmwadC682OoC4Cc6TQ,Should the Cavs BLOW it up?,The Arena reacts to horrific end to the Cleveland Cavaliers season as Donovan Mitchell and James Harden both struggled to help ...,"{'default': {'url': 'https://i.ytimg.com/vi/0VyMp0WKXTc/default.jpg', 'width': 120, 'height': 90}, 'medium': {'url': 'https://i.ytimg.com/vi/0VyMp0WKXTc/mqdefault.jpg', 'width': 320, 'height': 180}, 'high': {'url': 'https://i.ytimg.com/vi/0VyMp0WKXTc/hqdefault.jpg', 'width': 480, 'height': 360}}",The Arena,none,2026-05-29T03:30:38Z,0VyMp0WKXTc,"<iframe width=""480"" height=""270"" src=""//www.youtube.com/embed/0VyMp0WKXTc"" frameborder=""0"" allow=""accelerometer; autoplay; clipboard-write; encrypted-media; gyroscope; picture-in-picture; web-share"" referrerpolicy=""strict-origin-when-cross-origin"" allowfullscreen></iframe>",Sports
37,2026-05-29T03:11:54Z,UCwbP4USYrniJGROwQNiwH-Q,Women BREAK DOWN Over Being CONSIDERED UGLY!,"Husband's NEW Singles Here: Purchase HERE: https://paigeandderson.bandcamp.com/track/lifetime-3 Hey Loves, Make Sure ...","{'default': {'url': 'https://i.ytimg.com/vi/rp4rxIq-rw4/default.jpg', 'width': 120, 'height': 90}, 'medium': {'url': 'https://i.ytimg.com/vi/rp4rxIq-rw4/mqdefault.jpg', 'width': 320, 'height': 180}, 'high': {'url': 'https://i.ytimg.com/vi/rp4rxIq-rw4/hqdefault.jpg', 'width': 480, 'height': 360}}",DeeDeesReactions,none,2026-05-29T03:11:54Z,rp4rxIq-rw4,"<iframe width=""480"" height=""270"" src=""//www.youtube.com/embed/rp4rxIq-rw4"" frameborder=""0"" allow=""accelerometer; autoplay; clipboard-write; encrypted-media; gyroscope; picture-in-picture; web-share"" referrerpolicy=""strict-origin-when-cross-origin"" allowfullscreen></iframe>",Social Issues
9,2026-05-29T02:57:25Z,UCeUtB7lGgo5ZVIVzqELT-1A,"IRAN STRIKES KUWAIT, KRYSTAL BALL GRILLS J STREET, MICHAEL JACKSON SONY REVEAL, ZOHRAN HOUSING WIN",Website: https://sabbysabs.com/ Patreon: https://www.patreon.com/SabrinaSalvati PayPal: ...,"{'default': {'url': 'https://i.ytimg.com/vi/dEvbNShvvqo/default.jpg', 'width': 120, 'height': 90}, 'medium': {'url': 'https://i.ytimg.com/vi/dEvbNShvvqo/mqdefault.jpg', 'width': 320, 'height': 180}, 'high': {'url': 'https://i.ytimg.com/vi/dEvbNShvvqo/hqdefault.jpg', 'width': 480, 'height': 360}}",Sabby Sabs,none,2026-05-29T02:57:25Z,dEvbNShvvqo,"<iframe width=""480"" height=""270"" src=""//www.youtube.com/embed/dEvbNShvvqo"" frameborder=""0"" allow=""accelerometer; autoplay; clipboard-write; encrypted-media; gyroscope; picture-in-picture; web-share"" referrerpolicy=""strict-origin-when-cross-origin"" allowfullscreen></iframe>",Current Events
40,2026-05-29T02:00:07Z,UCbB_WVM-e7nuhWd_FB_8KBQ,Billion Dollar Scandal In Nigeria | One54 Africa Podcast,She became a Billionaire because she was siphoning oil to other countries and getting a massive cut.” - Remi #One54 ...,"{'default': {'url': 'https://i.ytimg.com/vi/Zuoixu3xHQ8/default.jpg', 'width': 120, 'height': 90}, 'medium': {'url': 'https://i.ytimg.com/vi/Zuoixu3xHQ8/mqdefault.jpg', 'width': 320, 'height': 180}, 'high': {'url': 'https://i.ytimg.com/vi/Zuoixu3xHQ8/hqdefault.jpg', 'width': 480, 'height': 360}}",One54 Africa,none,2026-05-29T02:00:07Z,Zuoixu3xHQ8,"<iframe width=""480"" height=""270"" src=""//www.youtube.com/embed/Zuoixu3xHQ8"" frameborder=""0"" allow=""accelerometer; autoplay; clipboard-write; encrypted-media; gyroscope; picture-in-picture; web-share"" referrerpolicy=""strict-origin-when-cross-origin"" allowfullscreen></iframe>",Social Issues
68,2026-05-29T01:15:08Z,UCQQbETzZZ86V8gRV63IhRRQ,My research methodology ,People always ask how I find these stories honestly a lot of it is just not closing the tab. The archives are public. The records are ...,"{'default': {'url': 'https://i.ytimg.com/vi/0bArl881klA/default.jpg', 'width': 120, 'height': 90}, 'medium': {'url': 'https://i.ytimg.com/vi/0bArl881klA/mqdefault.jpg', 'width': 320, 'height': 180}, 'high': {'url': 'https://i.ytimg.com/vi/0bArl881klA/hqdefault.jpg', 'width': 480, 'height': 360}}",Ashley B,none,2026-05-29T01:15:08Z,0bArl881klA,"<iframe width=""480"" height=""270"" src=""//www.youtube.com/embed/0bArl881klA"" frameborder=""0"" allow=""accelerometer; autoplay; clipboard-write; encrypted-media; gyroscope; picture-in-picture; web-share"" referrerpolicy=""strict-origin-when-cross-origin"" allowfullscreen></iframe>",History
0,2026-05-29T00:57:42Z,UCKZGcrxRAhdUi58Mdr565mw,Joy Reid All Of A Sudden Is Advocating For Reparations But She Was Against Us When She Was On MSNBC,"African Diaspora News Channel, founded by Phillip Scott, is human-led, Black-centered media committed to speaking truth to ...","{'default': {'url': 'https://i.ytimg.com/vi/679FT3iPUGk/default.jpg', 'width': 120, 'height': 90}, 'medium': {'url': 'https://i.ytimg.com/vi/679FT3iPUGk/mqdefault.jpg', 'width': 320, 'height': 180}, 'high': {'url': 'https://i.ytimg.com/vi/679FT3iPUGk/hqdefault.jpg', 'width': 480, 'height': 360}}",African Diaspora News Channel,none,2026-05-29T00:57:42Z,679FT3iPUGk,"<iframe width=""480"" height=""270"" src=""//www.youtube.com/embed/679FT3iPUGk"" frameborder=""0"" allow=""accelerometer; autoplay; clipboard-write; encrypted-media; gyroscope; picture-in-picture; web-share"" referrerpolicy=""strict-origin-when-cross-origin"" allowfullscreen></iframe>",Current Events
14,2026-05-29T00:19:43Z,UCABZ7Z6SBTp4IsARDceOq7w,Aries Spears &#39;Responds&#39; To Shawn Wayans “B*tch” Diss: &quot;Your Comedy Is Like A Toy Gun” - HP News,https://hypersclub.com - Last week we would report Shawn And Marlon Wayans calling out Aries Spears after his previous ...,"{'default': {'url': 'https://i.ytimg.com/vi/S0AQGgPrU8E/default.jpg', 'width': 120, 'height': 90}, 'medium': {'url': 'https://i.ytimg.com/vi/S0AQGgPrU8E/mqdefault.jpg', 'width': 320, 'height': 180}, 'high': {'url': 'https://i.ytimg.com/vi/S0AQGgPrU8E/hqdefault.jpg', 'width': 480, 'height': 360}}",HYPE+,none,2026-05-29T00:19:43Z,S0AQGgPrU8E,"<iframe width=""480"" height=""270"" src=""//www.youtube.com/embed/S0AQGgPrU8E"" frameborder=""0"" allow=""accelerometer; autoplay; clipboard-write; encrypted-media; gyroscope; picture-in-picture; web-share"" referrerpolicy=""strict-origin-when-cross-origin"" allowfullscreen></iframe>",Entertainment
11,2026-05-29T00:13:50Z,UCehBVAPy-bxmnbNARF-_tvA,Rental Ripoff Hearing LIVE with NYC Mayor Zohran Mamdani,"We're giving the microphone to students and young renters to talk about their poor living conditions, sky-high rent, and their ...","{'default': {'url': 'https://i.ytimg.com/vi/ZYEHHivl_Pc/default.jpg', 'width': 120, 'height': 90}, 'medium': {'url': 'https://i.ytimg.com/vi/ZYEHHivl_Pc/mqdefault.jpg', 'width': 320, 'height': 180}, 'high': {'url': 'https://i.ytimg.com/vi/ZYEHHivl_Pc/hqdefault.jpg', 'width': 480, 'height': 360}}",More Perfect Union,none,2026-05-29T00:13:50Z,ZYEHHivl_Pc,"<iframe width=""480"" height=""270"" src=""//www.youtube.com/embed/ZYEHHivl_Pc"" frameborder=""0"" allow=""accelerometer; autoplay; clipboard-write; encrypted-media; gyroscope; picture-in-picture; web-share"" referrerpolicy=""strict-origin-when-cross-origin"" allowfullscreen></iframe>",Current Events
64,2026-05-29T00:11:08Z,UCQoxJOkwaCgyzQtiuAIDcuw,Young M.A Reacts To Victoria Monét Saying Women Hurt Her More Than Men:“I’m going to make it worse.”,"Young M.A Reacts To Victoria Monét Saying Women Hurt Her More Than Men: “I'm going to make it worse.” ""If I holla at her, I'm ...","{'default': {'url': 'https://i.ytimg.com/vi/BKWRjHQLg4E/default.jpg', 'width': 120, 'height': 90}, 'medium': {'url': 'https://i.ytimg.com/vi/BKWRjHQLg4E/mqdefault.jpg', 'width': 320, 'height': 180}, 'high': {'url': 'https://i.ytimg.com/vi/BKWRjHQLg4E/hqdefault.jpg', 'width': 480, 'height': 360}}",Club Shay Shay,none,2026-05-29T00:11:08Z,BKWRjHQLg4E,"<iframe width=""480"" height=""270"" src=""//www.youtube.com/embed/BKWRjHQLg4E"" frameborder=""0"" allow=""accelerometer; autoplay; clipboard-write; encrypted-media; gyroscope; picture-in-picture; web-share"" referrerpolicy=""strict-origin-when-cross-origin"" allowfullscreen></iframe>",Social Issues
15,2026-05-28T23:32:36Z,UCLuYADJ6hESLHX87JnsGbjA,Why I lost fist fights growing up,,"{'default': {'url': 'https://i.ytimg.com/vi/BpZob0IKd3M/default.jpg', 'width': 120, 'height': 90}, 'medium': {'url': 'https://i.ytimg.com/vi/BpZob0IKd3M/mqdefault.jpg', 'width': 320, 'height': 180}, 'high': {'url': 'https://i.ytimg.com/vi/BpZob0IKd3M/hqdefault.jpg', 'width': 480, 'height': 360}}",Josh Johnson,none,2026-05-28T23:32:36Z,BpZob0IKd3M,"<iframe width=""480"" height=""270"" src=""//www.youtube.com/embed/BpZob0IKd3M"" frameborder=""0"" allow=""accelerometer; autoplay; clipboard-write; encrypted-media; gyroscope; picture-in-picture; web-share"" referrerpolicy=""strict-origin-when-cross-origin"" allowfullscreen></iframe>",Entertainment
57,2026-05-28T23:32:23Z,UC2rmgVaijnf92nixlIZWGmg,Why Ghana Is Evacuating Citizens From South Africa 📱,Tonight we're discussing the growing xenophobia crisis in South Africa and Ghana's response as concerns rise across the ...,"{'default': {'url': 'https://i.ytimg.com/vi/SwKBpzoGYoo/default.jpg', 'width': 120, 'height': 90}, 'medium': {'url': 'https://i.ytimg.com/vi/SwKBpzoGYoo/mqdefault.jpg', 'width': 320, 'height': 180}, 'high': {'url': 'https://i.ytimg.com/vi/SwKBpzoGYoo/hqdefault.jpg', 'width': 480, 'height': 360}}",Search For Uhuru,none,2026-05-28T23:32:23Z,SwKBpzoGYoo,"<iframe width=""480"" height=""270"" src=""//www.youtube.com/embed/SwKBpzoGYoo"" frameborder=""0"" allow=""accelerometer; autoplay; clipboard-write; encrypted-media; gyroscope; picture-in-picture; web-share"" referrerpolicy=""strict-origin-when-cross-origin"" allowfullscreen></iframe>",Travel
50,2026-05-28T22:57:43Z,UCIxrFTHZybtTgq8X7itOAkQ,Going To One Of The Most Dangerous Places In Jamiaca.,,"{'default': {'url': 'https://i.ytimg.com/vi/s-bXIwh3PKU/default.jpg', 'width': 120, 'height': 90}, 'medium': {'url': 'https://i.ytimg.com/vi/s-bXIwh3PKU/mqdefault.jpg', 'width': 320, 'height': 180}, 'high': {'url': 'https://i.ytimg.com/vi/s-bXIwh3PKU/hqdefault.jpg', 'width': 480, 'height': 360}}",Blackman Da Traveller,none,2026-05-28T22:57:43Z,s-bXIwh3PKU,"<iframe width=""480"" height=""270"" src=""//www.youtube.com/embed/s-bXIwh3PKU"" frameborder=""0"" allow=""accelerometer; autoplay; clipboard-write; encrypted-media; gyroscope; picture-in-picture; web-share"" referrerpolicy=""strict-origin-when-cross-origin"" allowfullscreen></iframe>",Travel
16,2026-05-28T22:32:17Z,UC4m46pCBkMEyy8gk26WKqbA,BROKEN PLAY | NAVV GREENE FT. JOJO ALONSO &amp; REGGIE BALL  | S04 | EP 38,Subscribe To Our Streaming Service Channel 85 https://bit.ly/SubscribeToChannel85 Shop Our Merch! https://bit.ly/85Jetlife2024.,"{'default': {'url': 'https://i.ytimg.com/vi/dRa_ZZu-oUk/default.jpg', 'width': 120, 'height': 90}, 'medium': {'url': 'https://i.ytimg.com/vi/dRa_ZZu-oUk/mqdefault.jpg', 'width': 320, 'height': 180}, 'high': {'url': 'https://i.ytimg.com/vi/dRa_ZZu-oUk/hqdefault.jpg', 'width': 480, 'height': 360}}",The 85 South Comedy Show,none,2026-05-28T22:32:17Z,dRa_ZZu-oUk,"<iframe width=""480"" height=""270"" src=""//www.youtube.com/embed/dRa_ZZu-oUk"" frameborder=""0"" allow=""accelerometer; autoplay; clipboard-write; encrypted-media; gyroscope; picture-in-picture; web-share"" referrerpolicy=""strict-origin-when-cross-origin"" allowfullscreen></iframe>",Entertainment
32,2026-05-28T22:06:40Z,UCDsOKnUQnQek7-G7Xc5kB8Q,THIS IS WHAT LEVERAGE LOOKS LIKE IN REAL LIFE #socialproofpodcast,,"{'default': {'url': 'https://i.ytimg.com/vi/0mm8iXPUDck/default.jpg', 'width': 120, 'height': 90}, 'medium': {'url': 'https://i.ytimg.com/vi/0mm8iXPUDck/mqdefault.jpg', 'width': 320, 'height': 180}, 'high': {'url': 'https://i.ytimg.com/vi/0mm8iXPUDck/hqdefault.jpg', 'width': 480, 'height': 360}}",Social Proof,none,2026-05-28T22:06:40Z,0mm8iXPUDck,"<iframe width=""480"" height=""270"" src=""//www.youtube.com/embed/0mm8iXPUDck"" frameborder=""0"" allow=""accelerometer; autoplay; clipboard-write; encrypted-media; gyroscope; picture-in-picture; web-share"" referrerpolicy=""strict-origin-when-cross-origin"" allowfullscreen></iframe>",Productivity
19,2026-05-28T22:00:20Z,UCJa58Tf70HC5q2oQDNBrJ2g,Fiducia Strategica e i Manoscritti dell’Africa Occidentale | Alfredo Sambù - The Diaspora Reunion,"""Quando si vuole lavorare insieme per un obiettivo comune, la risorsa fondamentale non è il capitale: è la fiducia. Mantenere la ...","{'default': {'url': 'https://i.ytimg.com/vi/lliqYZstxLI/default.jpg', 'width': 120, 'height': 90}, 'medium': {'url': 'https://i.ytimg.com/vi/lliqYZstxLI/mqdefault.jpg', 'width': 320, 'height': 180}, 'high': {'url': 'https://i.ytimg.com/vi/lliqYZstxLI/hqdefault.jpg', 'width': 480, 'height': 360}}",Obehi Ewanfoh,none,2026-05-28T22:00:20Z,lliqYZstxLI,"<iframe width=""480"" height=""270"" src=""//www.youtube.com/embed/lliqYZstxLI"" frameborder=""0"" allow=""accelerometer; autoplay; clipboard-write; encrypted-media; gyroscope; picture-in-picture; web-share"" referrerpolicy=""strict-origin-when-cross-origin"" allowfullscreen></iframe>",History
13,2026-05-28T22:00:15Z,UCv8G-xZ_BBGufjbN6jbvLMQ,The Grocery Store is Hell -  Comedian Jay Phillips - Chocolate Sundaes Stand Up Comedy,The grocery store has way too much going on. Follow @JayPhillipsLive on social media: @jayphillipslive Filmed 4/19/26 ...,"{'default': {'url': 'https://i.ytimg.com/vi/nBCHizEoOMs/default.jpg', 'width': 120, 'height': 90}, 'medium': {'url': 'https://i.ytimg.com/vi/nBCHizEoOMs/mqdefault.jpg', 'width': 320, 'height': 180}, 'high': {'url': 'https://i.ytimg.com/vi/nBCHizEoOMs/hqdefault.jpg', 'width': 480, 'height': 360}}",Chocolate Sundaes Comedy,none,2026-05-28T22:00:15Z,nBCHizEoOMs,"<iframe width=""480"" height=""270"" src=""//www.youtube.com/embed/nBCHizEoOMs"" frameborder=""0"" allow=""accelerometer; autoplay; clipboard-write; encrypted-media; gyroscope; picture-in-picture; web-share"" referrerpolicy=""strict-origin-when-cross-origin"" allowfullscreen></iframe>",Entertainment
22,2026-05-28T22:00:01Z,UCC0XWOgSBcwNstXbPX2cbpg,Shahid Bolsen WARNS DonaId Trump About UNDERESTlMATlNG BLACKS- They Have The Capacity to REM0VE Him.,"For copyright matters, takedown, or complaint please contact: historicalafrika@gmail.com Political commentator Shahid Bolsen ...","{'default': {'url': 'https://i.ytimg.com/vi/aKg_67zoTcY/default.jpg', 'width': 120, 'height': 90}, 'medium': {'url': 'https://i.ytimg.com/vi/aKg_67zoTcY/mqdefault.jpg', 'width': 320, 'height': 180}, 'high': {'url': 'https://i.ytimg.com/vi/aKg_67zoTcY/hqdefault.jpg', 'width': 480, 'height': 360}}",Historical Africa,none,2026-05-28T22:00:01Z,aKg_67zoTcY,"<iframe width=""480"" height=""270"" src=""//www.youtube.com/embed/aKg_67zoTcY"" frameborder=""0"" allow=""accelerometer; autoplay; clipboard-write; encrypted-media; gyroscope; picture-in-picture; web-share"" referrerpolicy=""strict-origin-when-cross-origin"" allowfullscreen></iframe>",History
21,2026-05-28T21:00:25Z,UCTNr0N__QwstBhgCtvQcjhA,Alabama Trump Supporter Outrage: Utility Bills Have Now Tripled,Join our channel to get access to perks: https://www.youtube.com/channel/UCTNr0N__QwstBhgCtvQcjhA/join This video takes a ...,"{'default': {'url': 'https://i.ytimg.com/vi/LofJbs1SkyA/default.jpg', 'width': 120, 'height': 90}, 'medium': {'url': 'https://i.ytimg.com/vi/LofJbs1SkyA/mqdefault.jpg', 'width': 320, 'height': 180}, 'high': {'url': 'https://i.ytimg.com/vi/LofJbs1SkyA/hqdefault.jpg', 'width': 480, 'height': 360}}",Black Discoveries,none,2026-05-28T21:00:25Z,LofJbs1SkyA,"<iframe width=""480"" height=""270"" src=""//www.youtube.com/embed/LofJbs1SkyA"" frameborder=""0"" allow=""accelerometer; autoplay; clipboard-write; encrypted-media; gyroscope; picture-in-picture; web-share"" referrerpolicy=""strict-origin-when-cross-origin"" allowfullscreen></iframe>",History
39,2026-05-28T20:09:15Z,UCrPq2ekHx2vZtuyG3wUx0_g,The Origins &amp; Psychology of White Hate Groups  OTSOG Saturday Live,How the Ku Klux Klan Still Recruits Today: https://www.youtube.com/watch?v=3fVgAeql6rM&t=591s I Was Involved in America's ...,"{'default': {'url': 'https://i.ytimg.com/vi/OB_I9aHD9_0/default_live.jpg', 'width': 120, 'height': 90}, 'medium': {'url': 'https://i.ytimg.com/vi/OB_I9aHD9_0/mqdefault_live.jpg', 'width': 320, 'height': 180}, 'high': {'url': 'https://i.ytimg.com/vi/OB_I9aHD9_0/hqdefault_live.jpg', 'width': 480, 'height': 360}}",On the Shoulders of Giants ,upcoming,2026-05-28T20:09:15Z,OB_I9aHD9_0,"<iframe width=""480"" height=""270"" src=""//www.youtube.com/embed/OB_I9aHD9_0"" frameborder=""0"" allow=""accelerometer; autoplay; clipboard-write; encrypted-media; gyroscope; picture-in-picture; web-share"" referrerpolicy=""strict-origin-when-cross-origin"" allowfullscreen></iframe>",Social Issues
3,2026-05-28T20:03:53Z,UCzuqE7-t13O4NIDYJfakrhw,More evidence of UAE involvement in Sudan conflict,"Colombian mercenaries accused of committing war crimes in Sudan were trained on military bases in the United Arab Emirates, ...","{'default': {'url': 'https://i.ytimg.com/vi/7nGyBJQ4cio/default.jpg', 'width': 120, 'height': 90}, 'medium': {'url': 'https://i.ytimg.com/vi/7nGyBJQ4cio/mqdefault.jpg', 'width': 320, 'height': 180}, 'high': {'url': 'https://i.ytimg.com/vi/7nGyBJQ4cio/hqdefault.jpg', 'width': 480, 'height': 360}}",Democracy Now!,none,2026-05-28T20:03:53Z,7nGyBJQ4cio,"<iframe width=""480"" height=""270"" src=""//www.youtube.com/embed/7nGyBJQ4cio"" frameborder=""0"" allow=""accelerometer; autoplay; clipboard-write; encrypted-media; gyroscope; picture-in-picture; web-share"" referrerpolicy=""strict-origin-when-cross-origin"" allowfullscreen></iframe>",Current Events
8,2026-05-28T20:00:37Z,UChq-BD2afpGbtMUtCxq2YFw,This Country Is Quietly Becoming Africa’s Singapore,Something historic just happened in Mauritius that's barely getting any attention. Let's Break It Down! Thanks so much for tuning in ...,"{'default': {'url': 'https://i.ytimg.com/vi/14wxTkxMFDg/default.jpg', 'width': 120, 'height': 90}, 'medium': {'url': 'https://i.ytimg.com/vi/14wxTkxMFDg/mqdefault.jpg', 'width': 320, 'height': 180}, 'high': {'url': 'https://i.ytimg.com/vi/14wxTkxMFDg/hqdefault.jpg', 'width': 480, 'height': 360}}",PanaGenius TV,none,2026-05-28T20:00:37Z,14wxTkxMFDg,"<iframe width=""480"" height=""270"" src=""//www.youtube.com/embed/14wxTkxMFDg"" frameborder=""0"" allow=""accelerometer; autoplay; clipboard-write; encrypted-media; gyroscope; picture-in-picture; web-share"" referrerpolicy=""strict-origin-when-cross-origin"" allowfullscreen></iframe>",Current Events
44,2026-05-28T20:00:07Z,UCPQsrvUJzs1INc2hroy3nHw,You Wont Believe What he Asked her?? #panafricandatingshow #mustwatch,Welcome back to another episode of the Pan African Dating Show. CONNECT WITH US * Instagram: ...,"{'default': {'url': 'https://i.ytimg.com/vi/EXZTr7-e8qs/default.jpg', 'width': 120, 'height': 90}, 'medium': {'url': 'https://i.ytimg.com/vi/EXZTr7-e8qs/mqdefault.jpg', 'width': 320, 'height': 180}, 'high': {'url': 'https://i.ytimg.com/vi/EXZTr7-e8qs/hqdefault.jpg', 'width': 480, 'height': 360}}",The Pan African Dating Show (The-PDS),none,2026-05-28T20:00:07Z,EXZTr7-e8qs,"<iframe width=""480"" height=""270"" src=""//www.youtube.com/embed/EXZTr7-e8qs"" frameborder=""0"" allow=""accelerometer; autoplay; clipboard-write; encrypted-media; gyroscope; picture-in-picture; web-share"" referrerpolicy=""strict-origin-when-cross-origin"" allowfullscreen></iframe>",Social Issues
52,2026-05-28T19:30:06Z,UCvHeh__RFFonMM8vaKda82Q,Inside a Coloured Neighborhood in Durban South Africa,"Inside a Coloured Neighborhood in Durban South Africa ✈️ Subscribe to Czech In Effect for authentic, boots-on-the-ground ...","{'default': {'url': 'https://i.ytimg.com/vi/Uj3sHf_QIic/default.jpg', 'width': 120, 'height': 90}, 'medium': {'url': 'https://i.ytimg.com/vi/Uj3sHf_QIic/mqdefault.jpg', 'width': 320, 'height': 180}, 'high': {'url': 'https://i.ytimg.com/vi/Uj3sHf_QIic/hqdefault.jpg', 'width': 480, 'height': 360}}",Czech in effect,none,2026-05-28T19:30:06Z,Uj3sHf_QIic,"<iframe width=""480"" height=""270"" src=""//www.youtube.com/embed/Uj3sHf_QIic"" frameborder=""0"" allow=""accelerometer; autoplay; clipboard-write; encrypted-media; gyroscope; picture-in-picture; web-share"" referrerpolicy=""strict-origin-when-cross-origin"" allowfullscreen></iframe>",Travel
54,2026-05-28T17:57:46Z,UCi2uaWdy6OTf4Ty7DVC_7lw,Inside The World Most LUXURY HORSE STABLE under Construction !!!,"NEW UPGRADE of OUR HORSE STABLE !!! Our HORSE STABLE Feels Luxary , OUR HORSE STABLE BEYOND BEAUTIFUL ...","{'default': {'url': 'https://i.ytimg.com/vi/DsnAsBR4MVw/default.jpg', 'width': 120, 'height': 90}, 'medium': {'url': 'https://i.ytimg.com/vi/DsnAsBR4MVw/mqdefault.jpg', 'width': 320, 'height': 180}, 'high': {'url': 'https://i.ytimg.com/vi/DsnAsBR4MVw/hqdefault.jpg', 'width': 480, 'height': 360}}",iam_marwa,none,2026-05-28T17:57:46Z,DsnAsBR4MVw,"<iframe width=""480"" height=""270"" src=""//www.youtube.com/embed/DsnAsBR4MVw"" frameborder=""0"" allow=""accelerometer; autoplay; clipboard-write; encrypted-media; gyroscope; picture-in-picture; web-share"" referrerpolicy=""strict-origin-when-cross-origin"" allowfullscreen></iframe>",Travel
7,2026-05-28T16:44:04Z,UCMe6CgCi6TSZX1tUxuUvCGg,"Dr Susan Tatah’s Guests on Pan-African Daily TV, Prof. James Small talks about African importance!!",,"{'default': {'url': 'https://i.ytimg.com/vi/xOdP9Yfp2Us/default.jpg', 'width': 120, 'height': 90}, 'medium': {'url': 'https://i.ytimg.com/vi/xOdP9Yfp2Us/mqdefault.jpg', 'width': 320, 'height': 180}, 'high': {'url': 'https://i.ytimg.com/vi/xOdP9Yfp2Us/hqdefault.jpg', 'width': 480, 'height': 360}}",Pan-African Daily TV official with Dr Susan Tatah ,none,2026-05-28T16:44:04Z,xOdP9Yfp2Us,"<iframe width=""480"" height=""270"" src=""//www.youtube.com/embed/xOdP9Yfp2Us"" frameborder=""0"" allow=""accelerometer; autoplay; clipboard-write; encrypted-media; gyroscope; picture-in-picture; web-share"" referrerpolicy=""strict-origin-when-cross-origin"" allowfullscreen></iframe>",Current Events
38,2026-05-28T15:01:38Z,UC4YZVeGnDXzEfjGcZG-d6oQ,Former Senator Nancy Schaefer Murdered After Exposing CPS,Join All Access on Patreon | https://www.patreon.com/MeandEpiphany. If you may support the channel Cash App ...,"{'default': {'url': 'https://i.ytimg.com/vi/i_FglCYbfOA/default.jpg', 'width': 120, 'height': 90}, 'medium': {'url': 'https://i.ytimg.com/vi/i_FglCYbfOA/mqdefault.jpg', 'width': 320, 'height': 180}, 'high': {'url': 'https://i.ytimg.com/vi/i_FglCYbfOA/hqdefault.jpg', 'width': 480, 'height': 360}}",meandepiphany,none,2026-05-28T15:01:38Z,i_FglCYbfOA,"<iframe width=""480"" height=""270"" src=""//www.youtube.com/embed/i_FglCYbfOA"" frameborder=""0"" allow=""accelerometer; autoplay; clipboard-write; encrypted-media; gyroscope; picture-in-picture; web-share"" referrerpolicy=""strict-origin-when-cross-origin"" allowfullscreen></iframe>",Social Issues
60,2026-05-28T12:08:11Z,UCAk5dFz-FOvYUIUFvWdbRJA,Volunteer While You’re There #shorts,One day spent helping in a local community could change your whole perspective. That's a different kind of travel experience.,"{'default': {'url': 'https://i.ytimg.com/vi/PhyqUTe7XwE/default.jpg', 'width': 120, 'height': 90}, 'medium': {'url': 'https://i.ytimg.com/vi/PhyqUTe7XwE/mqdefault.jpg', 'width': 320, 'height': 180}, 'high': {'url': 'https://i.ytimg.com/vi/PhyqUTe7XwE/hqdefault.jpg', 'width': 480, 'height': 360}}",Afronomics,none,2026-05-28T12:08:11Z,PhyqUTe7XwE,"<iframe width=""480"" height=""270"" src=""//www.youtube.com/embed/PhyqUTe7XwE"" frameborder=""0"" allow=""accelerometer; autoplay; clipboard-write; encrypted-media; gyroscope; picture-in-picture; web-share"" referrerpolicy=""strict-origin-when-cross-origin"" allowfullscreen></iframe>",Social Issues
58,2026-05-28T12:06:38Z,UC2-nif4wvOqT6QVsBX3NOpA,US Unlivable? More People Leaving Than Arriving! #shorts,A recent WhiteHouse.gov report indicates that 2025 marked a significant shift: the US recorded net negative migration.,"{'default': {'url': 'https://i.ytimg.com/vi/aAErsIHB91w/default.jpg', 'width': 120, 'height': 90}, 'medium': {'url': 'https://i.ytimg.com/vi/aAErsIHB91w/mqdefault.jpg', 'width': 320, 'height': 180}, 'high': {'url': 'https://i.ytimg.com/vi/aAErsIHB91w/hqdefault.jpg', 'width': 480, 'height': 360}}",The Yarbros,none,2026-05-28T12:06:38Z,aAErsIHB91w,"<iframe width=""480"" height=""270"" src=""//www.youtube.com/embed/aAErsIHB91w"" frameborder=""0"" allow=""accelerometer; autoplay; clipboard-write; encrypted-media; gyroscope; picture-in-picture; web-share"" referrerpolicy=""strict-origin-when-cross-origin"" allowfullscreen></iframe>",Travel
62,2026-05-28T11:00:07Z,UCFPfloFwa6X2UddqRH83rAA,Old Money Mindset That Keeps Families Wealthy for Generations (Most Will Never Understand!),Most families that build wealth do not keep it for long. This video explains the old money mindset that helps certain families ...,"{'default': {'url': 'https://i.ytimg.com/vi/7amrRSrn38w/default.jpg', 'width': 120, 'height': 90}, 'medium': {'url': 'https://i.ytimg.com/vi/7amrRSrn38w/mqdefault.jpg', 'width': 320, 'height': 180}, 'high': {'url': 'https://i.ytimg.com/vi/7amrRSrn38w/hqdefault.jpg', 'width': 480, 'height': 360}}",Alicia Invests,none,2026-05-28T11:00:07Z,7amrRSrn38w,"<iframe width=""480"" height=""270"" src=""//www.youtube.com/embed/7amrRSrn38w"" frameborder=""0"" allow=""accelerometer; autoplay; clipboard-write; encrypted-media; gyroscope; picture-in-picture; web-share"" referrerpolicy=""strict-origin-when-cross-origin"" allowfullscreen></iframe>",Productivity
27,2026-05-28T08:40:28Z,UC11aHtNnc5bEPLI4jf6mnYg,Game Theory #29:  Final Examination,"In this Thursday, May 28, 2026 lecture Professor Jiang answers your questions.","{'default': {'url': 'https://i.ytimg.com/vi/RE2UribEFIo/default.jpg', 'width': 120, 'height': 90}, 'medium': {'url': 'https://i.ytimg.com/vi/RE2UribEFIo/mqdefault.jpg', 'width': 320, 'height': 180}, 'high': {'url': 'https://i.ytimg.com/vi/RE2UribEFIo/hqdefault.jpg', 'width': 480, 'height': 360}}",Predictive History,none,2026-05-28T08:40:28Z,RE2UribEFIo,"<iframe width=""480"" height=""270"" src=""//www.youtube.com/embed/RE2UribEFIo"" frameborder=""0"" allow=""accelerometer; autoplay; clipboard-write; encrypted-media; gyroscope; picture-in-picture; web-share"" referrerpolicy=""strict-origin-when-cross-origin"" allowfullscreen></iframe>",History
41,2026-05-28T02:17:29Z,UCyRi9CRrBDeTITC211YfcMg,Godfrey Calls Out Mentally Enslaved Africans,"Africa may have gained political independence… but has the mind truly been decolonized? In this video, we explore the lasting ...","{'default': {'url': 'https://i.ytimg.com/vi/2Acsb5PacMg/default_live.jpg', 'width': 120, 'height': 90}, 'medium': {'url': 'https://i.ytimg.com/vi/2Acsb5PacMg/mqdefault_live.jpg', 'width': 320, 'height': 180}, 'high': {'url': 'https://i.ytimg.com/vi/2Acsb5PacMg/hqdefault_live.jpg', 'width': 480, 'height': 360}}",Pan African Updates & Reactions,upcoming,2026-05-28T02:17:29Z,2Acsb5PacMg,"<iframe width=""480"" height=""270"" src=""//www.youtube.com/embed/2Acsb5PacMg"" frameborder=""0"" allow=""accelerometer; autoplay; clipboard-write; encrypted-media; gyroscope; picture-in-picture; web-share"" referrerpolicy=""strict-origin-when-cross-origin"" allowfullscreen></iframe>",Social Issues
43,2026-05-27T22:55:18Z,UCxon93J-q95HA-V5TzTauig,Xenophobic THUGS send 300+ Ghanaians running from South Africa after attacks,This is the beginning of something bad? #southafrica #foreigner #attacks #ghana #flight #plane #home #news #africa.,"{'default': {'url': 'https://i.ytimg.com/vi/iUCoFwuTO8U/default.jpg', 'width': 120, 'height': 90}, 'medium': {'url': 'https://i.ytimg.com/vi/iUCoFwuTO8U/mqdefault.jpg', 'width': 320, 'height': 180}, 'high': {'url': 'https://i.ytimg.com/vi/iUCoFwuTO8U/hqdefault.jpg', 'width': 480, 'height': 360}}",The Drazzy Show,none,2026-05-27T22:55:18Z,iUCoFwuTO8U,"<iframe width=""480"" height=""270"" src=""//www.youtube.com/embed/iUCoFwuTO8U"" frameborder=""0"" allow=""accelerometer; autoplay; clipboard-write; encrypted-media; gyroscope; picture-in-picture; web-share"" referrerpolicy=""strict-origin-when-cross-origin"" allowfullscreen></iframe>",Social Issues
67,2026-05-27T21:45:27Z,UCSlLff7uX8i8uUpB1MnhN2Q,Family Pain vs. Public Defense #substack #shorts,This is a clip from https://theconsciouslee.substack.com/p/are-you-a-comedian-first-or-a-black?utm_source=youtube_shorts See ...,"{'default': {'url': 'https://i.ytimg.com/vi/8HpLEe9L3Qw/default.jpg', 'width': 120, 'height': 90}, 'medium': {'url': 'https://i.ytimg.com/vi/8HpLEe9L3Qw/mqdefault.jpg', 'width': 320, 'height': 180}, 'high': {'url': 'https://i.ytimg.com/vi/8HpLEe9L3Qw/hqdefault.jpg', 'width': 480, 'height': 360}}",The Conscious Lee,none,2026-05-27T21:45:27Z,8HpLEe9L3Qw,"<iframe width=""480"" height=""270"" src=""//www.youtube.com/embed/8HpLEe9L3Qw"" frameborder=""0"" allow=""accelerometer; autoplay; clipboard-write; encrypted-media; gyroscope; picture-in-picture; web-share"" referrerpolicy=""strict-origin-when-cross-origin"" allowfullscreen></iframe>",Social Issues
42,2026-05-27T18:00:06Z,UCzo3jVzn-Z9LrFVwAE7iDbw,Ep 106: Pop The Balloon Or Find Love | With Arlette Amuli,"Our App Luv or Pop is Out Now! Available in the USA and UK, Download Now!","{'default': {'url': 'https://i.ytimg.com/vi/ozEApq57HPg/default.jpg', 'width': 120, 'height': 90}, 'medium': {'url': 'https://i.ytimg.com/vi/ozEApq57HPg/mqdefault.jpg', 'width': 320, 'height': 180}, 'high': {'url': 'https://i.ytimg.com/vi/ozEApq57HPg/hqdefault.jpg', 'width': 480, 'height': 360}}",Pop The Balloon,none,2026-05-27T18:00:06Z,ozEApq57HPg,"<iframe width=""480"" height=""270"" src=""//www.youtube.com/embed/ozEApq57HPg"" frameborder=""0"" allow=""accelerometer; autoplay; clipboard-write; encrypted-media; gyroscope; picture-in-picture; web-share"" referrerpolicy=""strict-origin-when-cross-origin"" allowfullscreen></iframe>",Social Issues
65,2026-05-27T17:48:14Z,UCsY17ZnXg_Gmt9bWz49HoWw,When 19Keys said “never use AI” for your gifted,,"{'default': {'url': 'https://i.ytimg.com/vi/1llqN6mPC8Y/default.jpg', 'width': 120, 'height': 90}, 'medium': {'url': 'https://i.ytimg.com/vi/1llqN6mPC8Y/mqdefault.jpg', 'width': 320, 'height': 180}, 'high': {'url': 'https://i.ytimg.com/vi/1llqN6mPC8Y/hqdefault.jpg', 'width': 480, 'height': 360}}",19KEYS NETWORK,none,2026-05-27T17:48:14Z,1llqN6mPC8Y,"<iframe width=""480"" height=""270"" src=""//www.youtube.com/embed/1llqN6mPC8Y"" frameborder=""0"" allow=""accelerometer; autoplay; clipboard-write; encrypted-media; gyroscope; picture-in-picture; web-share"" referrerpolicy=""strict-origin-when-cross-origin"" allowfullscreen></iframe>",Productivity
23,2026-05-26T15:06:41Z,UC12lU5ymIvSpgl8KntDQUQA,New High Quality Cinematic African History Content: Trailer Of The Future,"Patreon: https://www.patreon.com/HomeTeamHistory Hey everyone, This video is an early test model my team created of a more ...","{'default': {'url': 'https://i.ytimg.com/vi/bRvK7raVUAk/default.jpg', 'width': 120, 'height': 90}, 'medium': {'url': 'https://i.ytimg.com/vi/bRvK7raVUAk/mqdefault.jpg', 'width': 320, 'height': 180}, 'high': {'url': 'https://i.ytimg.com/vi/bRvK7raVUAk/hqdefault.jpg', 'width': 480, 'height': 360}}",HomeTeam History,none,2026-05-26T15:06:41Z,bRvK7raVUAk,"<iframe width=""480"" height=""270"" src=""//www.youtube.com/embed/bRvK7raVUAk"" frameborder=""0"" allow=""accelerometer; autoplay; clipboard-write; encrypted-media; gyroscope; picture-in-picture; web-share"" referrerpolicy=""strict-origin-when-cross-origin"" allowfullscreen></iframe>",History
10,2026-05-26T08:11:21Z,UCLjzzg-cFWpEEjnWCOpXp3Q,"African Liberation, Uhuru History, Revolutionary Fitness + more - One Africa Worldview Ep. 41",One Africa Worldview celebrates African Liberation Day (ALD) by recognizing the founding of the African People's Socialist Party ...,"{'default': {'url': 'https://i.ytimg.com/vi/NkOUjrUVH80/default.jpg', 'width': 120, 'height': 90}, 'medium': {'url': 'https://i.ytimg.com/vi/NkOUjrUVH80/mqdefault.jpg', 'width': 320, 'height': 180}, 'high': {'url': 'https://i.ytimg.com/vi/NkOUjrUVH80/hqdefault.jpg', 'width': 480, 'height': 360}}",The Burning Spear TV,none,2026-05-26T08:11:21Z,NkOUjrUVH80,"<iframe width=""480"" height=""270"" src=""//www.youtube.com/embed/NkOUjrUVH80"" frameborder=""0"" allow=""accelerometer; autoplay; clipboard-write; encrypted-media; gyroscope; picture-in-picture; web-share"" referrerpolicy=""strict-origin-when-cross-origin"" allowfullscreen></iframe>",Current Events
30,2026-05-25T23:52:36Z,UCIwGnOXoSXEI7Tooz3iKq5w,Queen Nefertiti Hair Cut,,"{'default': {'url': 'https://i.ytimg.com/vi/J1NI59QydvY/default.jpg', 'width': 120, 'height': 90}, 'medium': {'url': 'https://i.ytimg.com/vi/J1NI59QydvY/mqdefault.jpg', 'width': 320, 'height': 180}, 'high': {'url': 'https://i.ytimg.com/vi/J1NI59QydvY/hqdefault.jpg', 'width': 480, 'height': 360}}",Without History,none,2026-05-25T23:52:36Z,J1NI59QydvY,"<iframe width=""480"" height=""270"" src=""//www.youtube.com/embed/J1NI59QydvY"" frameborder=""0"" allow=""accelerometer; autoplay; clipboard-write; encrypted-media; gyroscope; picture-in-picture; web-share"" referrerpolicy=""strict-origin-when-cross-origin"" allowfullscreen></iframe>",History
47,2026-05-25T17:53:17Z,UCTis64XH8HrxE7GhEkA6YmA,NEYMAR GOING TO WORLD CUP FOR BRAZIL | HOW FAR WILL BRAZIL GO |  MOURINHO BACK TO REAL MADRID +MORE,"In Episode 123, the guys discuss Neymar's Brazil call up, how far the team will go, Jose Mourinho back at Madrid, and what's next ...","{'default': {'url': 'https://i.ytimg.com/vi/mlPXeRCsK8Y/default.jpg', 'width': 120, 'height': 90}, 'medium': {'url': 'https://i.ytimg.com/vi/mlPXeRCsK8Y/mqdefault.jpg', 'width': 320, 'height': 180}, 'high': {'url': 'https://i.ytimg.com/vi/mlPXeRCsK8Y/hqdefault.jpg', 'width': 480, 'height': 360}}",5ASIDE Media,none,2026-05-25T17:53:17Z,mlPXeRCsK8Y,"<iframe width=""480"" height=""270"" src=""//www.youtube.com/embed/mlPXeRCsK8Y"" frameborder=""0"" allow=""accelerometer; autoplay; clipboard-write; encrypted-media; gyroscope; picture-in-picture; web-share"" referrerpolicy=""strict-origin-when-cross-origin"" allowfullscreen></iframe>",Sports
55,2026-05-25T17:00:51Z,UCpEf2jEfyAEbQesGgl1HOWA,HOW MUCH DOES IT COST TO BUILD A HOUSE IN GHANA ? | COST OF BUILDING MATERIALS,livinginghana #buildahouse #building Download Nala https://join.iwantnala.com/JASMINEAMA HOW MUCH DOES IT COST TO ...,"{'default': {'url': 'https://i.ytimg.com/vi/zsjNdvU97oM/default.jpg', 'width': 120, 'height': 90}, 'medium': {'url': 'https://i.ytimg.com/vi/zsjNdvU97oM/mqdefault.jpg', 'width': 320, 'height': 180}, 'high': {'url': 'https://i.ytimg.com/vi/zsjNdvU97oM/hqdefault.jpg', 'width': 480, 'height': 360}}",Jasmine Ama,none,2026-05-25T17:00:51Z,zsjNdvU97oM,"<iframe width=""480"" height=""270"" src=""//www.youtube.com/embed/zsjNdvU97oM"" frameborder=""0"" allow=""accelerometer; autoplay; clipboard-write; encrypted-media; gyroscope; picture-in-picture; web-share"" referrerpolicy=""strict-origin-when-cross-origin"" allowfullscreen></iframe>",Travel
29,2026-05-24T22:51:28Z,UCjBw2SidW7wFElbmj9bgDjw,Why calling her Helen of Congo has BACKFIRED on the r**ists,"Metatron and the usual white r***sts have teamed up to racially bully Lupita Nyongo being cast as Helen of Troy, and disrespect ...","{'default': {'url': 'https://i.ytimg.com/vi/Ef69haAJEPo/default.jpg', 'width': 120, 'height': 90}, 'medium': {'url': 'https://i.ytimg.com/vi/Ef69haAJEPo/mqdefault.jpg', 'width': 320, 'height': 180}, 'high': {'url': 'https://i.ytimg.com/vi/Ef69haAJEPo/hqdefault.jpg', 'width': 480, 'height': 360}}",The Kings Monologue,none,2026-05-24T22:51:28Z,Ef69haAJEPo,"<iframe width=""480"" height=""270"" src=""//www.youtube.com/embed/Ef69haAJEPo"" frameborder=""0"" allow=""accelerometer; autoplay; clipboard-write; encrypted-media; gyroscope; picture-in-picture; web-share"" referrerpolicy=""strict-origin-when-cross-origin"" allowfullscreen></iframe>",History
61,2026-05-23T16:03:28Z,UCy8BPJpTwXNLyL2vGCZu21Q,The Female Hierarchy Is Getting Weirdly Specific,"Discover your origins with MyHeritage. Use code JD19 to get your kit for $19, free shipping, and a 30-day free trial.","{'default': {'url': 'https://i.ytimg.com/vi/99QdmZ3tUJg/default.jpg', 'width': 120, 'height': 90}, 'medium': {'url': 'https://i.ytimg.com/vi/99QdmZ3tUJg/mqdefault.jpg', 'width': 320, 'height': 180}, 'high': {'url': 'https://i.ytimg.com/vi/99QdmZ3tUJg/hqdefault.jpg', 'width': 480, 'height': 360}}",Janae Danyiel,none,2026-05-23T16:03:28Z,99QdmZ3tUJg,"<iframe width=""480"" height=""270"" src=""//www.youtube.com/embed/99QdmZ3tUJg"" frameborder=""0"" allow=""accelerometer; autoplay; clipboard-write; encrypted-media; gyroscope; picture-in-picture; web-share"" referrerpolicy=""strict-origin-when-cross-origin"" allowfullscreen></iframe>",Social Issues
12,2026-05-23T02:26:27Z,UCHvnMsLnyQZscrq-fOckiiw,"Y’lan Noel Talks Nemesis Ending, Possible Season 2 Plans &amp; Working with Matthew Law (SPOILERS)","Y'lan Noel joins us to discuss the explosive ending of Netflix's Nemesis, what could happen in Season 2, and the fan reaction to ...","{'default': {'url': 'https://i.ytimg.com/vi/ubCpSqXlsd8/default.jpg', 'width': 120, 'height': 90}, 'medium': {'url': 'https://i.ytimg.com/vi/ubCpSqXlsd8/mqdefault.jpg', 'width': 320, 'height': 180}, 'high': {'url': 'https://i.ytimg.com/vi/ubCpSqXlsd8/hqdefault.jpg', 'width': 480, 'height': 360}}",BlackTree TV,none,2026-05-23T02:26:27Z,ubCpSqXlsd8,"<iframe width=""480"" height=""270"" src=""//www.youtube.com/embed/ubCpSqXlsd8"" frameborder=""0"" allow=""accelerometer; autoplay; clipboard-write; encrypted-media; gyroscope; picture-in-picture; web-share"" referrerpolicy=""strict-origin-when-cross-origin"" allowfullscreen></iframe>",Entertainment
17,2026-05-20T22:18:39Z,UCNekbFtp9zsI-lE_OCHpq_w,How hood rappers beef with their baby mom,Instagram: https://www.instagram.com/trarags2/?ig_mid=B74CB5BE-895F-478D-A0E4-0164599790C4&utm_source=igweb Beat ...,"{'default': {'url': 'https://i.ytimg.com/vi/ZjW_MW11zNk/default.jpg', 'width': 120, 'height': 90}, 'medium': {'url': 'https://i.ytimg.com/vi/ZjW_MW11zNk/mqdefault.jpg', 'width': 320, 'height': 180}, 'high': {'url': 'https://i.ytimg.com/vi/ZjW_MW11zNk/hqdefault.jpg', 'width': 480, 'height': 360}}",Tra Rags,none,2026-05-20T22:18:39Z,ZjW_MW11zNk,"<iframe width=""480"" height=""270"" src=""//www.youtube.com/embed/ZjW_MW11zNk"" frameborder=""0"" allow=""accelerometer; autoplay; clipboard-write; encrypted-media; gyroscope; picture-in-picture; web-share"" referrerpolicy=""strict-origin-when-cross-origin"" allowfullscreen></iframe>",Entertainment
35,2026-05-20T03:29:45Z,UCx5Y5d5KgibkG9KAyknCdFA,The Theft of Black Innovation,"From music and fashion to technology, art, science, and global culture — Black creativity has shaped the modern world. Yet time ...","{'default': {'url': 'https://i.ytimg.com/vi/gWftdw-_7Ss/default.jpg', 'width': 120, 'height': 90}, 'medium': {'url': 'https://i.ytimg.com/vi/gWftdw-_7Ss/mqdefault.jpg', 'width': 320, 'height': 180}, 'high': {'url': 'https://i.ytimg.com/vi/gWftdw-_7Ss/hqdefault.jpg', 'width': 480, 'height': 360}}",Afromation Digital,none,2026-05-20T03:29:45Z,gWftdw-_7Ss,"<iframe width=""480"" height=""270"" src=""//www.youtube.com/embed/gWftdw-_7Ss"" frameborder=""0"" allow=""accelerometer; autoplay; clipboard-write; encrypted-media; gyroscope; picture-in-picture; web-share"" referrerpolicy=""strict-origin-when-cross-origin"" allowfullscreen></iframe>",Social Issues
4,2026-05-19T14:36:09Z,UC1ettU5YSf_nIOJWffCKGQw,why white people are the way they are - louis farrakhan,"NOI leader louis farrakhan teaches how white people are the way they are. how they got to be white, being the blood shedder* ...","{'default': {'url': 'https://i.ytimg.com/vi/M9ojxrEFenQ/default.jpg', 'width': 120, 'height': 90}, 'medium': {'url': 'https://i.ytimg.com/vi/M9ojxrEFenQ/mqdefault.jpg', 'width': 320, 'height': 180}, 'high': {'url': 'https://i.ytimg.com/vi/M9ojxrEFenQ/hqdefault.jpg', 'width': 480, 'height': 360}}",LuiSpot,none,2026-05-19T14:36:09Z,M9ojxrEFenQ,"<iframe width=""480"" height=""270"" src=""//www.youtube.com/embed/M9ojxrEFenQ"" frameborder=""0"" allow=""accelerometer; autoplay; clipboard-write; encrypted-media; gyroscope; picture-in-picture; web-share"" referrerpolicy=""strict-origin-when-cross-origin"" allowfullscreen></iframe>",Current Events
33,2026-05-18T17:11:22Z,UC4lH-odQ5ll-85fkpWxDYmA,The problem with South Africa… life of the rich vs poor,,"{'default': {'url': 'https://i.ytimg.com/vi/2PHagpG19hI/default.jpg', 'width': 120, 'height': 90}, 'medium': {'url': 'https://i.ytimg.com/vi/2PHagpG19hI/mqdefault.jpg', 'width': 320, 'height': 180}, 'high': {'url': 'https://i.ytimg.com/vi/2PHagpG19hI/hqdefault.jpg', 'width': 480, 'height': 360}}",Steven Ndukwu,none,2026-05-18T17:11:22Z,2PHagpG19hI,"<iframe width=""480"" height=""270"" src=""//www.youtube.com/embed/2PHagpG19hI"" frameborder=""0"" allow=""accelerometer; autoplay; clipboard-write; encrypted-media; gyroscope; picture-in-picture; web-share"" referrerpolicy=""strict-origin-when-cross-origin"" allowfullscreen></iframe>",Productivity
49,2026-05-07T12:21:15Z,UCW5NNtTSY5z5mENZ8dt-RCw,The Side of Australia The Media Don’t Show You,"In this video, I visit a community in Melbourne called Footscray, known for its strong presence of African immigrants and often ...","{'default': {'url': 'https://i.ytimg.com/vi/BVX_K-WYa2Y/default.jpg', 'width': 120, 'height': 90}, 'medium': {'url': 'https://i.ytimg.com/vi/BVX_K-WYa2Y/mqdefault.jpg', 'width': 320, 'height': 180}, 'high': {'url': 'https://i.ytimg.com/vi/BVX_K-WYa2Y/hqdefault.jpg', 'width': 480, 'height': 360}}",ACE ,none,2026-05-07T12:21:15Z,BVX_K-WYa2Y,"<iframe width=""480"" height=""270"" src=""//www.youtube.com/embed/BVX_K-WYa2Y"" frameborder=""0"" allow=""accelerometer; autoplay; clipboard-write; encrypted-media; gyroscope; picture-in-picture; web-share"" referrerpolicy=""strict-origin-when-cross-origin"" allowfullscreen></iframe>",Travel
18,2026-05-03T16:01:15Z,UCJmmxwdAsR7lD8fBA_qbEMw,He Freed Zambia… Then Looted It?,London. 2007. A British judge is delivering a judgment against a former president of Zambia. The case is about money taken from ...,"{'default': {'url': 'https://i.ytimg.com/vi/m2iYKO3umuU/default.jpg', 'width': 120, 'height': 90}, 'medium': {'url': 'https://i.ytimg.com/vi/m2iYKO3umuU/mqdefault.jpg', 'width': 320, 'height': 180}, 'high': {'url': 'https://i.ytimg.com/vi/m2iYKO3umuU/hqdefault.jpg', 'width': 480, 'height': 360}}",African Biographics,none,2026-05-03T16:01:15Z,m2iYKO3umuU,"<iframe width=""480"" height=""270"" src=""//www.youtube.com/embed/m2iYKO3umuU"" frameborder=""0"" allow=""accelerometer; autoplay; clipboard-write; encrypted-media; gyroscope; picture-in-picture; web-share"" referrerpolicy=""strict-origin-when-cross-origin"" allowfullscreen></iframe>",History
36,2026-04-23T20:45:01Z,UCWCreFX8bTVLJ6Y9lh6eZ5A,Tim White Tells White People The Hardest Truth They&#39;ll EVER Hear,"Tim Wise white professor hardest truth white people — the anti-racist author, educator, and speaker who has spent decades ...","{'default': {'url': 'https://i.ytimg.com/vi/T7eKG6JmCfg/default.jpg', 'width': 120, 'height': 90}, 'medium': {'url': 'https://i.ytimg.com/vi/T7eKG6JmCfg/mqdefault.jpg', 'width': 320, 'height': 180}, 'high': {'url': 'https://i.ytimg.com/vi/T7eKG6JmCfg/hqdefault.jpg', 'width': 480, 'height': 360}}",Black Journals,none,2026-04-23T20:45:01Z,T7eKG6JmCfg,"<iframe width=""480"" height=""270"" src=""//www.youtube.com/embed/T7eKG6JmCfg"" frameborder=""0"" allow=""accelerometer; autoplay; clipboard-write; encrypted-media; gyroscope; picture-in-picture; web-share"" referrerpolicy=""strict-origin-when-cross-origin"" allowfullscreen></iframe>",Social Issues
56,2026-04-21T14:03:16Z,UCF71yDQwxfw0QcYb2JnkB5Q,HELLO MY LIP‼️,"So here's what actually happened. I'm in the jacuzzi at sunrise… and out of nowhere, I get stung right in the lip by a bee.","{'default': {'url': 'https://i.ytimg.com/vi/3zGg-DrxonA/default.jpg', 'width': 120, 'height': 90}, 'medium': {'url': 'https://i.ytimg.com/vi/3zGg-DrxonA/mqdefault.jpg', 'width': 320, 'height': 180}, 'high': {'url': 'https://i.ytimg.com/vi/3zGg-DrxonA/hqdefault.jpg', 'width': 480, 'height': 360}}",PassportHeavy,none,2026-04-21T14:03:16Z,3zGg-DrxonA,"<iframe width=""480"" height=""270"" src=""//www.youtube.com/embed/3zGg-DrxonA"" frameborder=""0"" allow=""accelerometer; autoplay; clipboard-write; encrypted-media; gyroscope; picture-in-picture; web-share"" referrerpolicy=""strict-origin-when-cross-origin"" allowfullscreen></iframe>",Travel
53,2026-03-26T22:49:16Z,UCOhiR-6Y-MZtMERKRENrcRw,"Africa, beyond the History being told. A New Narrative for the world to see","This channel is to bring the awareness to the world of the beautiful continent of Africa. My intentions are to show the development, ...","{'default': {'url': 'https://i.ytimg.com/vi/QcuXUymLtHQ/default.jpg', 'width': 120, 'height': 90}, 'medium': {'url': 'https://i.ytimg.com/vi/QcuXUymLtHQ/mqdefault.jpg', 'width': 320, 'height': 180}, 'high': {'url': 'https://i.ytimg.com/vi/QcuXUymLtHQ/hqdefault.jpg', 'width': 480, 'height': 360}}",GoBlack2Africa ,none,2026-03-26T22:49:16Z,QcuXUymLtHQ,"<iframe width=""480"" height=""270"" src=""//www.youtube.com/embed/QcuXUymLtHQ"" frameborder=""0"" allow=""accelerometer; autoplay; clipboard-write; encrypted-media; gyroscope; picture-in-picture; web-share"" referrerpolicy=""strict-origin-when-cross-origin"" allowfullscreen></iframe>",Travel
20,2026-02-08T16:00:45Z,UC2xX2FI6s4i9xz3t9qjayhg,Maurice Bishop Interview (1983),,"{'default': {'url': 'https://i.ytimg.com/vi/ZpKldrtlZmg/default.jpg', 'width': 120, 'height': 90}, 'medium': {'url': 'https://i.ytimg.com/vi/ZpKldrtlZmg/mqdefault.jpg', 'width': 320, 'height': 180}, 'high': {'url': 'https://i.ytimg.com/vi/ZpKldrtlZmg/hqdefault.jpg', 'width': 480, 'height': 360}}",AfroMarxist,none,2026-02-08T16:00:45Z,ZpKldrtlZmg,"<iframe width=""480"" height=""360"" src=""//www.youtube.com/embed/ZpKldrtlZmg"" frameborder=""0"" allow=""accelerometer; autoplay; clipboard-write; encrypted-media; gyroscope; picture-in-picture; web-share"" referrerpolicy=""strict-origin-when-cross-origin"" allowfullscreen></iframe>",History
59,2025-12-13T16:01:06Z,UClwrpH_Np9zk8uMwnMwu8Nw,Ethiopia’s Capital Is Transforming Into A World Class City!,Addis Ababa is undergoing one of the most ambitious urban transformations in Africa. From massive corridor developments and ...,"{'default': {'url': 'https://i.ytimg.com/vi/3oxwBIq2Cco/default.jpg', 'width': 120, 'height': 90}, 'medium': {'url': 'https://i.ytimg.com/vi/3oxwBIq2Cco/mqdefault.jpg', 'width': 320, 'height': 180}, 'high': {'url': 'https://i.ytimg.com/vi/3oxwBIq2Cco/hqdefault.jpg', 'width': 480, 'height': 360}}",WODE MAYA,none,2025-12-13T16:01:06Z,3oxwBIq2Cco,"<iframe width=""480"" height=""270"" src=""//www.youtube.com/embed/3oxwBIq2Cco"" frameborder=""0"" allow=""accelerometer; autoplay; clipboard-write; encrypted-media; gyroscope; picture-in-picture; web-share"" referrerpolicy=""strict-origin-when-cross-origin"" allowfullscreen></iframe>",Travel
24,2025-09-27T15:41:10Z,UC__wkIWEfbnTAYVT8j6gfPg,Origins of Ancient Egypt #kemet #africanhistory #ancientegypt #history,,"{'default': {'url': 'https://i.ytimg.com/vi/6_GbuDpE_bk/default.jpg', 'width': 120, 'height': 90}, 'medium': {'url': 'https://i.ytimg.com/vi/6_GbuDpE_bk/mqdefault.jpg', 'width': 320, 'height': 180}, 'high': {'url': 'https://i.ytimg.com/vi/6_GbuDpE_bk/hqdefault.jpg', 'width': 480, 'height': 360}}",Know Thyself,none,2025-09-27T15:41:10Z,6_GbuDpE_bk,"<iframe width=""480"" height=""270"" src=""//www.youtube.com/embed/6_GbuDpE_bk"" frameborder=""0"" allow=""accelerometer; autoplay; clipboard-write; encrypted-media; gyroscope; picture-in-picture; web-share"" referrerpolicy=""strict-origin-when-cross-origin"" allowfullscreen></iframe>",History
48,2025-09-01T07:52:17Z,UCbvE_5m8kmm9U58gDHtzYrA,FUT DRAFT TIME!,Afro Ballers!,"{'default': {'url': 'https://i.ytimg.com/vi/UcEVjoHa4zM/default.jpg', 'width': 120, 'height': 90}, 'medium': {'url': 'https://i.ytimg.com/vi/UcEVjoHa4zM/mqdefault.jpg', 'width': 320, 'height': 180}, 'high': {'url': 'https://i.ytimg.com/vi/UcEVjoHa4zM/hqdefault.jpg', 'width': 480, 'height': 360}}",AfroBallers,none,2025-09-01T07:52:17Z,UcEVjoHa4zM,"<iframe width=""480"" height=""270"" src=""//www.youtube.com/embed/UcEVjoHa4zM"" frameborder=""0"" allow=""accelerometer; autoplay; clipboard-write; encrypted-media; gyroscope; picture-in-picture; web-share"" referrerpolicy=""strict-origin-when-cross-origin"" allowfullscreen></iframe>",Sports
6,2025-01-11T16:00:06Z,UCJH-fn0wLu5uwXX33jNToQw,Samora Machel&#39;s Struggle | How Mozambique’s Revolution Ended Portugal&#39;s Empire,"The most beautiful thing about a man's life is his freedom. He may not have any food, and he may not have any clothing, but at ...","{'default': {'url': 'https://i.ytimg.com/vi/wTwI48jN-fY/default.jpg', 'width': 120, 'height': 90}, 'medium': {'url': 'https://i.ytimg.com/vi/wTwI48jN-fY/mqdefault.jpg', 'width': 320, 'height': 180}, 'high': {'url': 'https://i.ytimg.com/vi/wTwI48jN-fY/hqdefault.jpg', 'width': 480, 'height': 360}}",NewAfrica,none,2025-01-11T16:00:06Z,wTwI48jN-fY,"<iframe width=""480"" height=""270"" src=""//www.youtube.com/embed/wTwI48jN-fY"" frameborder=""0"" allow=""accelerometer; autoplay; clipboard-write; encrypted-media; gyroscope; picture-in-picture; web-share"" referrerpolicy=""strict-origin-when-cross-origin"" allowfullscreen></iframe>",Current Events
26,2024-08-25T18:19:19Z,UCh2ANLALdN1OZUJKmvchkkg,The INSANE True Story of Cleopatra in Pop Culture | Documentary,"Cleopatra is one of the most iconic figures associated with ancient Egypt, but our perception of the queen is not correct.","{'default': {'url': 'https://i.ytimg.com/vi/dwSSQFS-OQY/default.jpg', 'width': 120, 'height': 90}, 'medium': {'url': 'https://i.ytimg.com/vi/dwSSQFS-OQY/mqdefault.jpg', 'width': 320, 'height': 180}, 'high': {'url': 'https://i.ytimg.com/vi/dwSSQFS-OQY/hqdefault.jpg', 'width': 480, 'height': 360}}",Mr. Imhotep,none,2024-08-25T18:19:19Z,dwSSQFS-OQY,"<iframe width=""480"" height=""270"" src=""//www.youtube.com/embed/dwSSQFS-OQY"" frameborder=""0"" allow=""accelerometer; autoplay; clipboard-write; encrypted-media; gyroscope; picture-in-picture; web-share"" referrerpolicy=""strict-origin-when-cross-origin"" allowfullscreen></iframe>",History
51,2024-08-25T18:00:03Z,UCMMTYgqKEgCgy1pR6Axlf0A,"Ex-model moved to Ghana to build a 5 bedroom home, set up 7 businesses and live her dream life",Our guest today left behind her 15 year career in the modelling industry to move to Ghana and start a new life here. This amazing ...,"{'default': {'url': 'https://i.ytimg.com/vi/6TMZcRoGZi4/default.jpg', 'width': 120, 'height': 90}, 'medium': {'url': 'https://i.ytimg.com/vi/6TMZcRoGZi4/mqdefault.jpg', 'width': 320, 'height': 180}, 'high': {'url': 'https://i.ytimg.com/vi/6TMZcRoGZi4/hqdefault.jpg', 'width': 480, 'height': 360}}",Build with Amoaa,none,2024-08-25T18:00:03Z,6TMZcRoGZi4,"<iframe width=""480"" height=""270"" src=""//www.youtube.com/embed/6TMZcRoGZi4"" frameborder=""0"" allow=""accelerometer; autoplay; clipboard-write; encrypted-media; gyroscope; picture-in-picture; web-share"" referrerpolicy=""strict-origin-when-cross-origin"" allowfullscreen></iframe>",Travel
34,2024-07-12T12:15:30Z,UCl6to6J7oVltnhHEVm1s87A,AFRICAN ORIGIN OF MORDEN HAIRSTYLES,theperspective #africanhistory #africanews #africax5 Traditional African hairstyles are back in fashion and making a real ...,"{'default': {'url': 'https://i.ytimg.com/vi/AGyMe_XB3mQ/default.jpg', 'width': 120, 'height': 90}, 'medium': {'url': 'https://i.ytimg.com/vi/AGyMe_XB3mQ/mqdefault.jpg', 'width': 320, 'height': 180}, 'high': {'url': 'https://i.ytimg.com/vi/AGyMe_XB3mQ/hqdefault.jpg', 'width': 480, 'height': 360}}",Africax5 Network,none,2024-07-12T12:15:30Z,AGyMe_XB3mQ,"<iframe width=""480"" height=""360"" src=""//www.youtube.com/embed/AGyMe_XB3mQ"" frameborder=""0"" allow=""accelerometer; autoplay; clipboard-write; encrypted-media; gyroscope; picture-in-picture; web-share"" referrerpolicy=""strict-origin-when-cross-origin"" allowfullscreen></iframe>",Social Issues
25,2024-07-08T12:10:25Z,UCHbmePHjGH3pklvSla6szWw,You Wouldn&#39;t Survive In Ancient Egypt | REACTION - KueliMika,Today we are reacting to the video You Wouldn't Survive In Ancient Egypt.,"{'default': {'url': 'https://i.ytimg.com/vi/qFbr17zUKYE/default.jpg', 'width': 120, 'height': 90}, 'medium': {'url': 'https://i.ytimg.com/vi/qFbr17zUKYE/mqdefault.jpg', 'width': 320, 'height': 180}, 'high': {'url': 'https://i.ytimg.com/vi/qFbr17zUKYE/hqdefault.jpg', 'width': 480, 'height': 360}}",KueliMika,none,2024-07-08T12:10:25Z,qFbr17zUKYE,"<iframe width=""480"" height=""270"" src=""//www.youtube.com/embed/qFbr17zUKYE"" frameborder=""0"" allow=""accelerometer; autoplay; clipboard-write; encrypted-media; gyroscope; picture-in-picture; web-share"" referrerpolicy=""strict-origin-when-cross-origin"" allowfullscreen></iframe>",History
31,2024-04-25T23:00:06Z,UCTTQWaoGloNuhunZevQ2F6g,"Kuubwa Transforming African Businesses: Fabric Weaver, Fish Farmers","Kuubwa Transforms African Businesses: Fish Farmers, Fabric Manufacturers and more.","{'default': {'url': 'https://i.ytimg.com/vi/gC02Wht1UQQ/default.jpg', 'width': 120, 'height': 90}, 'medium': {'url': 'https://i.ytimg.com/vi/gC02Wht1UQQ/mqdefault.jpg', 'width': 320, 'height': 180}, 'high': {'url': 'https://i.ytimg.com/vi/gC02Wht1UQQ/hqdefault.jpg', 'width': 480, 'height': 360}}",Africa Business Channel TV,none,2024-04-25T23:00:06Z,gC02Wht1UQQ,"<iframe width=""480"" height=""270"" src=""//www.youtube.com/embed/gC02Wht1UQQ"" frameborder=""0"" allow=""accelerometer; autoplay; clipboard-write; encrypted-media; gyroscope; picture-in-picture; web-share"" referrerpolicy=""strict-origin-when-cross-origin"" allowfullscreen></iframe>",Productivity
28,2024-04-11T05:04:02Z,UCuvO0y2EU_kRfYzlhGJNOKA,How Did America&#39;s Wealthy Elite Re Write World History,"The United States was supposed to be a democratically run country. However, that has not been the case since the turn of the ...","{'default': {'url': 'https://i.ytimg.com/vi/RPSnS-ucmOA/default.jpg', 'width': 120, 'height': 90}, 'medium': {'url': 'https://i.ytimg.com/vi/RPSnS-ucmOA/mqdefault.jpg', 'width': 320, 'height': 180}, 'high': {'url': 'https://i.ytimg.com/vi/RPSnS-ucmOA/hqdefault.jpg', 'width': 480, 'height': 360}}",Straight UP,none,2024-04-11T05:04:02Z,RPSnS-ucmOA,"<iframe width=""480"" height=""270"" src=""//www.youtube.com/embed/RPSnS-ucmOA"" frameborder=""0"" allow=""accelerometer; autoplay; clipboard-write; encrypted-media; gyroscope; picture-in-picture; web-share"" referrerpolicy=""strict-origin-when-cross-origin"" allowfullscreen></iframe>",History
